column,max,min,mean,most-frequency
rating,9.3,1.4,6.040599999999999,9.3
rating-count,2288478.0,10362.0,283516.542,2288478.0
num-reviews,10548.0,2.0,858.458,8309.0
num-critics,3150.0,1.0,181.09018036072143,167.0
gross-USA,858373000.0,509.0,57453077.19555555,28699976.0
gross-world,2797800564.0,7556.0,134626253.18777293,28815291.0
